mammal,Human,hg38,Dec. 2013 (GRCh38/hg38)
mammal,Human,hg19,Feb. 2009 (GRCh37/hg19)
mammal,Chimp,panTro4,Feb. 2011 (CSAC 2.1.4/panTro4)
mammal,Chimp,panTro3,Oct. 2010 (CGSC 2.1.3/panTro3)
mammal,Gorilla,gorGor3,May 2011 (gorGor3.1/gorGor3)
mammal,Orangutan,ponAbe2,July 2007 (WUGSC 2.0.2/ponAbe2)
mammal,Gibbon,nomLeu3,Oct. 2012 (GGSC Nleu3.0/nomLeu3)
mammal,Gibbon,nomLeu2,Jun. 2011 (GGSC Nleu1.1/nomLeu2)
mammal,Rhesus,rheMac3,Oct. 2010 (BGI CR_1.0/rheMac3)
mammal,Rhesus,rheMac2,Jan. 2006 (MGSC Merged 1.0/rheMac2)
mammal,Baboon,papAnu2,Mar. 2012 (Baylor Panu_2.0/papAnu2)
mammal,Baboon,papHam1,Nov. 2008 (Baylor Pham_1.0/papHam1)
mammal,Squirrel monkey,saiBol1,Oct. 2011 (Broad/saiBol1)
mammal,Marmoset,calJac3,March 2009 (WUGSC 3.2/calJac3)
mammal,Marmoset,calJac1,June 2007 (WUGSC 2.0.2/calJac1)
mammal,Tarsier,tarSyr1,Aug. 2008 (Broad/tarSyr1)
mammal,Mouse lemur,micMur1,Jul. 2007 (Broad/micMur1)
mammal,Bushbaby,otoGar3,Mar. 2011 (Broad/otoGar3)
mammal,Tree shrew,tupBel1,Dec. 2006 (Broad/tupBel1)
mammal,Mouse,mm10,Dec. 2011 (GRCm38/mm10)
mammal,Mouse,mm9,July 2007 (NCBI37/mm9)
mammal,Rat,rn6,Jul. 2014 (RGSC 6.0/rn6)
mammal,Rat,rn5,Mar. 2012 (RGSC 5.0/rn5)
mammal,Kangaroo rat,dipOrd1,Jul. 2008 (Broad/dipOrd1)
mammal,Chinese hamster,criGri1,Jul. 2013 (C_griseus_v1.0/criGri1)
mammal,Naked mole-rat,hetGla2,Jan. 2012 (Broad HetGla_female_1.0/hetGla2)
mammal,Naked mole-rat,hetGla1,Jul. 2011 (BGI HetGla_1.0/hetGla1)
mammal,Guinea pig,cavPor3,Feb. 2008 (Broad/cavPor3)
mammal,Rabbit,oryCun2,Apr. 2009 (Broad/oryCun2)
mammal,Squirrel,speTri2,Nov. 2011 (Broad/speTri2)
mammal,Pika,ochPri3,May 2012 (OchPri3.0/ochPri3)
mammal,Pika,ochPri2,Jul. 2008 (Broad/ochPri2)
mammal,Pig,susScr3,Aug. 2011 (SGSC Sscrofa10.2/susScr3)
mammal,Pig,susScr2,Nov. 2009 (SGSC Sscrofa9.2/susScr2)
mammal,Alpaca,vicPac2,Mar. 2013 (Vicugna_pacos-2.0.1/vicPac2)
mammal,Alpaca,vicPac1,Jul. 2008 (Broad/vicPac1)
mammal,Minke whale,balAcu1,Oct. 2013 (BalAcu1.0/balAcu1)
mammal,Dolphin,turTru2,Oct. 2011 (Baylor Ttru_1.4/turTru2)
mammal,Sheep,oviAri3,Aug. 2012 (ISGC Oar_v3.1/oviAri3)
mammal,Sheep,oviAri1,Feb. 2010 (ISGC Ovis_aries_1.0/oviAri1)
mammal,Cow,bosTau7,Oct. 2011 (Baylor Btau_4.6.1/bosTau7)
mammal,Cow,bosTau6,Nov. 2009 (Bos_taurus_UMD_3.1/bosTau6)
mammal,Horse,equCab2,Sep. 2007 (Broad/equCab2)
mammal,Horse,equCab1,Jan. 2007 (Broad/equCab1)
mammal,White rhinoceros,cerSim1,May 2012 (CerSimSim1.0/cerSim1)
mammal,Cat,felCat5,Sep. 2011 (ICGSC Felis_catus 6.2/felCat5)
mammal,Cat,felCat4,Dec. 2008 (NHGRI/GTB V17e/felCat4)
mammal,Ferret ,musFur1,Apr. 2011 (MusPutFur1.0/musFur1)
mammal,Dog,canFam3,Sep. 2011 (Broad CanFam3.1/canFam3)
mammal,Dog,canFam2,May 2005 (Broad/canFam2)
mammal,Panda,ailMel1,Dec. 2009 (BGI-Shenzhen 1.0/ailMel1)
mammal,Microbat,myoLuc2,Jul. 2010 (Broad Institute Myoluc2.0/myoLuc2)
mammal,Megabat,pteVam1,Jul. 2008 (Broad/pteVam1)
mammal,Hedgehog,eriEur2,May 2012 (EriEur2.0/eriEur2)
mammal,Hedgehog,eriEur1,June 2006 (Broad/eriEur1)
mammal,Shrew,sorAra2,Aug. 2008 (Broad/sorAra2)
mammal,Shrew,sorAra1,June 2006 (Broad/sorAra1)
mammal,Elephant,loxAfr3,Jul. 2009 (Broad/loxAfr3)
mammal,Rock hyrax,proCap1,Jul. 2008 (Broad/proCap1)
mammal,Tenrec,echTel2,Nov. 2012 (Broad/echTel2)
mammal,Tenrec,echTel1,July 2005 (Broad/echTel1)
mammal,Manatee,triMan1,Oct. 2011 (Broad v1.0/triMan1)
mammal,Armadillo,dasNov3,Dec. 2011 (Baylor/dasNov3)
mammal,Sloth,choHof1,Jul. 2008 (Broad/choHof1)
mammal,Opossum,monDom5,Oct. 2006 (Broad/monDom5)
mammal,Opossum,monDom4,Jan. 2006 (Broad/monDom4)
mammal,Tasmanian devil,sarHar1,Feb. 2011 (WTSI Devil_ref v7.0/sarHar1)
mammal,Wallaby,macEug2,Sep. 2009 (TWGS Meug_1.1/macEug2)
mammal,Platypus,ornAna1,Mar. 2007 (WUGSC 5.0.1/ornAna1)
vertebrate,Chicken,galGal4,Nov. 2011 (ICGSC Gallus_gallus-4.0/galGal4)
vertebrate,Chicken,galGal3,May 2006 (WUGSC 2.1/galGal3)
vertebrate,Turkey,melGal1,Dec. 2009 (TGC Turkey_2.01/melGal1)
vertebrate,Zebra finch,taeGut2,Feb. 2013 (WashU taeGut324/taeGut2)
vertebrate,Zebra finch,taeGut1,Jul. 2008 (WUGSC 3.2.4/taeGut1)
vertebrate,Medium ground finch,geoFor1,Apr. 2012 (GeoFor_1.0/geoFor1)
vertebrate,Budgerigar,melUnd1,Sep. 2011 (WUSTL v6.3/melUnd1)
vertebrate,American alligator,allMis1,Aug. 2012 (allMis0.2/allMis1)
vertebrate,Lizard,anoCar2,May 2010 (Broad AnoCar2.0/anoCar2)
vertebrate,Lizard,anoCar1,Feb. 2007 (Broad/anoCar1)
vertebrate,Painted turtle,chrPic1,Dec. 2011 (v3.0.1/chrPic1)
vertebrate,X.tropicalis,xenTro3,Nov. 2009 (JGI 4.2/xenTro3)
vertebrate,X.tropicalis,xenTro2,Aug. 2005 (JGI 4.1/xenTro2)
vertebrate,Coelacanth,latCha1,Aug. 2011 (Broad/latCha1)
vertebrate,Tetraodon,tetNig2,Mar. 2007 (Genoscope 8.0/tetNig2)
vertebrate,Tetraodon,tetNig1,Feb. 2004 (Genoscope 7/tetNig1)
vertebrate,Fugu,fr3,Oct. 2011 (FUGU5/fr3)
vertebrate,Fugu,fr2,Oct. 2004 (JGI 4.0/fr2)
vertebrate,Nile tilapia,oreNil2,Jan. 2011 (Broad oreNil1.1/oreNil2)
vertebrate,Stickleback,gasAcu1,Feb. 2006 (Broad/gasAcu1)
vertebrate,Medaka,oryLat2,Oct. 2005 (NIG/UT MEDAKA1/oryLat2)
vertebrate,Atlantic cod,gadMor1,May 2010 (Genofisk GadMor_May2010/gadMor1)
vertebrate,Zebrafish,danRer7,Jul. 2010 (Zv9/danRer7)
vertebrate,Zebrafish,danRer6,Dec. 2008 (Zv8/danRer6)
vertebrate,Elephant shark,calMil1,Dec. 2013 (Callorhinchus_milii-6.1.3/calMil1)
vertebrate,Lamprey,petMar2,Sep. 2010 (WUGSC 7.0/petMar2)
vertebrate,Lamprey,petMar1,Mar. 2007 (WUGSC 3.0/petMar1)
deuterostome,Lancelet,braFlo1,Mar. 2006 (JGI 1.0/braFlo1)
deuterostome,C.intestinalis,ci2,Mar. 2005 (JGI 2.1/ci2)
deuterostome,C.intestinalis,ci1,Dec. 2002 (JGI 1.0/ci1)
deuterostome,S.purpuratus,strPur2,Sep. 2006 (Baylor 2.1/strPur2)
deuterostome,S.purpuratus,strPur1,Apr. 2005 (Baylor 1.1/strPur1)
insect,D.melanogaster,dm3,Apr. 2006 (BDGP R5/dm3)
insect,D.melanogaster,dm2,Apr. 2004 (BDGP R4/dm2)
insect,D.simulans,droSim1,Apr. 2005 (WUGSC mosaic 1.0/droSim1)
insect,D.sechellia,droSec1,Oct. 2005 (Broad/droSec1)
insect,D.yakuba,droYak2,Nov. 2005 (WUGSC 7.1/droYak2)
insect,D.yakuba,droYak1,Apr. 2004 (WUGSC 1.0/droYak1)
insect,D.erecta,droEre1,Aug. 2005 (Agencourt prelim/droEre1)
insect,D.ananassae,droAna2,Aug. 2005 (Agencourt prelim/droAna2)
insect,D.ananassae,droAna1,July 2004 (TIGR/droAna1)
insect,D.pseudoobscura,dp3,Nov. 2004 (FlyBase 1.03/dp3)
insect,D.pseudoobscura,dp2,Aug. 2003 (Baylor freeze1/dp2)
insect,D.persimilis,droPer1,Oct. 2005 (Broad/droPer1)
insect,D.virilis,droVir2,Aug. 2005 (Agencourt prelim/droVir2)
insect,D.virilis,droVir1,July 2004 (Agencourt prelim/droVir1)
insect,D.mojavensis,droMoj2,Aug. 2005 (Agencourt prelim/droMoj2)
insect,D.mojavensis,droMoj1,Aug. 2004 (Agencourt prelim/droMoj1)
insect,D.grimshawi,droGri1,Aug. 2005 (Agencourt prelim/droGri1)
insect,A.gambiae,anoGam1,Feb. 2003 (IAGEC MOZ2/anoGam1)
insect,A.mellifera,apiMel2,Jan. 2005 (Baylor 2.0/apiMel2)
insect,A.mellifera,apiMel1,July 2004 (Baylor 1.2/apiMel1)
worm,C.elegans,ce10,Oct. 2010 (WS220/ce10)
worm,C.elegans,ce6,May 2008 (WS190/ce6)
worm,C.brenneri,caePb2,Feb. 2008 (WUGSC 6.0.1/caePb2)
worm,C.brenneri,caePb1,Jan. 2007 (WUGSC 4.0/caePb1)
worm,C.briggsae,cb3,Jan. 2007 (WUGSC 1.0/cb3)
worm,C.briggsae,cb1,July 2002 (WormBase cb25.agp8/cb1)
worm,C.remanei,caeRem3,May 2007 (WUGSC 15.0.1/caeRem3)
worm,C.remanei,caeRem2,Mar. 2006 (WUGSC 1.0/caeRem2)
worm,C.japonica,caeJap1,Mar. 2008 (WUGSC 3.0.2/caeJap1)
worm,P.pacificus,priPac1,Feb. 2007 (WUGSC 5.0/priPac1)
other,Sea hare,aplCal1,Sept. 2008 (Broad 2.0/aplCal1)
other,S.cerevisiae,sacCer3,Apr. 2011 (SacCer_Apr2011/sacCer3)
other,S.cerevisiae,sacCer2,June 2008 (SGD/sacCer2)
virus,Ebola virus,eboVir3,Sierra Leone 2014 (G3683/KM034562.1/eboVir3)
